n_region,n_region_to,transfer
2,1,0.0690199902851173
3,1,0.0300651136414118
4,1,0.123535063874894
5,1,0.0245893898379476
45,1,0.0349649966872523
79,1,0.0142780235993474
1,2,0.103920556368907
3,2,0.431704195876682
4,2,0.37640397154011
5,2,0.0819646327931588
45,2,0.0167667576331656
140,2,0.0254776659105124
79,2,0.00753335721336998
1,3,0.0439679378360507
2,3,0.419307806149027
4,3,0.172987365199871
5,3,0.0404194691327637
45,3,0.007490474563929
140,3,0.0236391342247358
1,4,0.259902050120611
2,4,0.525953184396624
3,4,0.248863152202126
5,4,0.222711626701068
45,4,0.0474018773492158
140,4,0.0259707820249094
92,4,0.0101400097892287
76,4,0.0104298251580298
79,4,0.0178271323226138
1,5,0.0281443118565929
2,5,0.0623078563984205
3,5,0.0316344464963206
4,5,0.121161965823695
45,5,0.093407705985949
140,5,0.0304392663208033
76,5,0.00838572719317387
79,5,0.0100082146372569
7,6,0.188731405632707
46,6,0.011764468826101
47,6,0.0697015973984269
135,6,0.0030020374034811
59,6,0.00899436175966898
62,6,0.00839925330983649
63,6,0.00710182287953896
65,6,0.0148850652917868
66,6,0.0132065939612018
67,6,0.0937036474730256
68,6,0.0559245371518155
69,6,0.0785491457120813
70,6,0.0177064437357587
71,6,0.0141651560694873
6,7,0.304562998676562
46,7,0.0398467640139865
47,7,0.069844451058553
135,7,0.0113985050950636
57,7,0.0230821361595945
58,7,0.0160075694377308
59,7,0.041035500817356
60,7,0.00996902931955728
61,7,0.0106254470617158
62,7,0.0559902279712217
63,7,0.0231932949736842
64,7,0.011944218693653
65,7,0.0811363281182653
66,7,0.0975528597186008
67,7,0.0632951905966959
68,7,0.0439288447200883
69,7,0.194443037991128
70,7,0.022622617982578
71,7,0.017916126673414
135,8,0.0963577031199396
57,8,0.0434772547651192
58,8,0.0225453143813585
59,8,0.00751229761484068
62,8,0.0078814911195041
66,8,0.00803134563557517
135,9,0.104119894190889
11,10,0.56883940327854
12,10,0.032930245546184
13,10,0.0435671600691604
14,10,0.0109399919308827
140,10,0.00717757899844542
90,10,0.00331566403592927
10,11,0.753402792636007
12,11,0.020815518782973
13,11,0.0486849891134293
14,11,0.13287345355005
140,11,0.0553203226114279
73,11,0.031671578926796
90,11,0.0114085330309007
91,11,0.0150872840975794
10,12,0.0202522929046953
11,12,0.00966560218452078
13,12,0.185794691158393
137,12,0.0389782402016154
10,13,0.0290443250296278
11,13,0.0245052738755618
12,13,0.201398441983321
137,13,0.0293840515559863
140,13,0.00309871731145778
141,13,0.0048282643799845
73,13,0.0555641735557825
75,13,0.00373192470223989
90,13,0.00263455758632325
10,14,0.0089086760005535
11,14,0.0816952549103972
140,14,0.127424856672147
73,14,0.00931303865467572
87,14,0.00526172393562851
89,14,0.0043578937901693
90,14,0.0359709343698175
91,14,0.0127124338229604
16,15,0.00792910800710426
18,15,0.0484072012027225
127,15,0.180778050241847
136,15,0.0301529793191763
141,15,0.030751283839845
144,15,0.0283629357957624
75,15,0.00376398591102202
80,15,0.00279258056055785
15,16,0.0109308280794784
17,16,0.081115739989161
18,16,0.015141960830025
127,16,0.00510664524918065
136,16,0.459797170672542
139,16,0.0134874324717258
141,16,0.00994667798092582
144,16,0.0027336223187771
147,16,0.0126913220025573
80,16,0.00338886110729618
81,16,0.0113926964042672
16,17,0.00927374812674779
29,17,0.0266452624825684
136,17,0.0154712176439984
137,17,0.0196468868205714
139,17,0.00805353903417147
15,18,0.0635400356329303
16,18,0.0144175301717333
127,18,0.0687407810535903
136,18,0.0318272617765405
137,18,0.00975688557538538
141,18,0.396298500011235
144,18,0.00396567744836678
147,18,0.00325534674517406
75,18,0.0043282631855875
80,18,0.00192466109808317
108,18,0.00634559203403897
20,19,0.0146899920752081
48,19,0.0284569721358192
131,19,0.031999405080829
149,19,0.0386049692440827
80,19,0.00177227829169448
19,20,0.0137572953699914
48,20,0.223963685230499
144,20,0.0232422066634053
149,20,0.00487694915012794
80,20,0.00599924483412843
82,20,0.01349003511267
83,20,0.0094729568163741
85,20,0.0146796671001884
86,20,0.0604721842598487
46,21,0.0765179031372065
47,21,0.00688994191531037
48,21,0.0108440685331926
127,21,0.0038803014771501
144,21,0.237778084072408
80,21,0.00217973666529901
23,22,0.111447895929964
24,22,0.0411514040575752
25,22,0.116883488053016
28,22,0.0132052721251112
50,22,0.087538228325566
131,22,0.00543152452625202
143,22,0.0550192470098964
22,23,0.264415251227655
24,23,0.432124794907825
25,23,0.833976289251587
28,23,0.0233762134281494
50,23,0.0317503155396094
124,23,0.00716858934847256
128,23,0.0041103876891375
131,23,0.0332201711795631
143,23,0.0335837858986239
22,24,0.0451787956543832
23,24,0.199960655075622
25,24,0.111383243051419
50,24,0.00487947483859436
131,24,0.00629844537897629
143,24,0.0546239071519517
22,25,0.171325381817133
23,25,0.515237685659041
24,25,0.148709396690173
28,25,0.0205453014321371
50,25,0.0354005524772368
131,25,0.0535367857212984
132,25,0.0013652746046043
143,25,0.0142255342104506
27,26,0.0404672542117857
28,26,0.00864530010758243
49,26,0.0868265180002357
128,26,0.115188721669401
26,27,0.0209724144218363
128,27,0.0835452608879456
43,54,0.0344989704528424
44,54,0.0183736884316872
50,54,0.0107333455742966
124,54,0.0132870923666025
55,54,0.335150049039555
132,54,0.0409582381381289
146,54,0.00171611051595386
22,28,0.0149890467694908
23,28,0.0111837176893771
25,28,0.0159100165678633
26,28,0.00733100161421281
35,28,0.0607980668689642
36,28,0.0239881618174696
50,28,0.132990049249124
131,28,0.0361865738252795
132,28,0.00640482409132095
142,28,0.035310675247884
17,29,0.133388253676077
124,29,0.00988481265629223
125,29,0.111551140052875
133,29,0.0017126561272111
136,29,0.00311013861542022
137,29,0.0787403837920566
138,29,0.00433604426328637
139,29,0.0223642886934055
40,30,0.048212542621679
51,30,0.0634574283734358
52,30,0.272107359341401
56,30,0.00738978429654828
124,30,0.0287303619981752
125,30,0.00391498280643206
130,30,0.0015589402938786
133,30,0.0577879248236836
139,30,0.00642187406256424
141,30,0.00337751827520043
148,30,0.00267370971106772
94,30,0.00831374972200918
96,30,0.00781566549345259
98,30,0.0130032329989284
106,30,0.00787564320517089
32,31,0.0418001984658766
124,31,0.0761382595253784
130,31,0.0815441811325561
93,31,0.0110112511562207
98,31,0.00967808194099034
107,31,0.0140893129167782
110,31,0.00916698278536562
116,31,0.00572152203272382
119,31,0.00717816562706548
121,31,0.0202697939747874
31,32,0.0401439525362816
33,32,0.00947448907720631
124,32,0.0739960834114794
130,32,0.0441296140794697
133,32,0.00230987385422751
134,32,0.0066264425668636
93,32,0.0696144003386069
95,32,0.00883542570675547
98,32,0.0110838368597934
103,32,0.0075445038161247
107,32,0.102959248608926
110,32,0.0108572404085809
116,32,0.0250449523923134
117,32,0.0186771945447628
119,32,0.0100588768326641
121,32,0.0318216417481783
122,32,0.00788542482504691
32,33,0.0150670128352799
124,33,0.0708458244204514
130,33,0.0019802073312212
134,33,0.111327563799158
146,33,0.00258518666715251
95,33,0.032325837105505
97,33,0.017394863937896
98,33,0.0121246361746764
102,33,0.0191893413153797
110,33,0.0105222343931688
113,33,0.00778382188805768
114,33,0.00848921346370311
119,33,0.0143091064802687
121,33,0.0157742473043545
35,34,0.0443468252455974
36,34,0.098568252340349
37,34,0.0664062128062322
38,34,0.175955368886301
39,34,0.238730662643076
49,34,0.00403982205192747
56,34,0.00821854515223593
124,34,0.0152892569697891
132,34,0.0208326762375875
133,34,0.00182325200258451
142,34,0.00536735275532092
146,34,0.0310537282721779
108,34,0.02117642659529
109,34,0.0177115126214034
118,34,0.0128710022894442
28,35,0.0432265005379122
34,35,0.0565974281201916
36,35,0.364158205036518
37,35,0.0199294415763093
38,35,0.0287972378035351
39,35,0.112012922140873
50,35,0.0212343352038983
56,35,0.00439243253514458
124,35,0.0200916517872229
132,35,0.0388912885375327
142,35,0.0324101361326348
146,35,0.00472953760543614
28,36,0.0172566970774881
34,36,0.127283355820839
35,36,0.368460127605087
37,36,0.0495583832353852
38,36,0.0663860000709422
39,36,0.442969077785723
56,36,0.00911636941256423
124,36,0.0272042365314105
132,36,0.0157468923519101
133,36,0.0017379351844393
142,36,0.0397509398000131
146,36,0.00787521541357909
108,36,0.00931664957598785
109,36,0.00724309111126465
34,37,0.0799971174881633
35,37,0.0188116371606324
36,37,0.0462325869212921
38,37,0.305830162102591
39,37,0.0496097564804644
49,37,0.0469884685648334
56,37,0.0253531758435782
124,37,0.0423114785372736
132,37,0.00440314658337521
133,37,0.00495153533457525
142,37,0.00629986252695243
146,37,0.0187386673035622
96,37,0.00736609181462567
100,37,0.0336476401722233
104,37,0.0134005845023006
106,37,0.00926810483650339
108,37,0.103974787393964
109,37,0.0600578763928278
118,37,0.0155977479596523
34,38,0.214370366186425
35,38,0.0274902631764375
36,38,0.0626331376334324
37,38,0.309297860712177
39,38,0.104606211563011
49,38,0.0231581316320932
56,38,0.0424463684921362
124,38,0.0529243510492701
132,38,0.00635858969236025
133,38,0.003219919914443
142,38,0.010154597687592
146,38,0.0243908111129882
98,38,0.00806957390889837
100,38,0.012777444354414
104,38,0.0130094768132933
108,38,0.0451649652673217
109,38,0.0290140713036647
118,38,0.0141676365941585
34,39,0.334442114230659
35,39,0.122955149350293
36,39,0.480564412677284
37,39,0.0576918182006217
38,39,0.120284039255703
49,39,0.00378280237815068
56,39,0.0125419142827399
124,39,0.0282263205596107
132,39,0.0177023354608951
133,39,0.00193384787795792
142,39,0.0185254993585167
146,39,0.0143208635349691
108,39,0.0163836094905823
109,39,0.0116918226959186
30,40,0.0610092056030382
51,40,0.130591667525155
52,40,0.156229526318435
56,40,0.0557341675449949
124,40,0.034666850052379
125,40,0.00718034291517423
133,40,0.0131703888158964
136,40,0.00350751578093388
139,40,0.0888034908247519
142,40,0.0101220682769537
147,40,0.00603177567893087
98,40,0.012516625527035
124,41,0.0480799527786226
129,41,0.12278627014019
134,41,0.00167147080176
146,41,0.00636377862888578
148,41,0.145138020634995
59,41,0.00373915265897047
98,41,0.0121111193004572
99,41,0.00628136484641848
110,41,0.00804014436988878
119,41,0.00827614161936333
121,41,0.00589542576021329
43,42,0.0456450215389491
44,42,0.0242150344648825
132,42,0.139606127497107
146,42,0.00319291020766461
148,42,0.0214158051450017
54,43,0.021974975770994
42,43,0.0537623567091328
44,43,0.0185595494418343
50,43,0.0136265518534017
55,43,0.0105051484649976
132,43,0.182231523668348
146,43,0.00208767205885763
148,43,0.00346624255701939
54,44,0.00658583076376262
42,44,0.0160495153252796
43,44,0.0104438199855075
132,44,0.00381569774952157
1,45,0.198660993848969
2,45,0.06327055289213
3,45,0.029101488204187
4,45,0.128013329552156
5,45,0.463680611522157
53,45,0.0461451183973837
140,45,0.0198220502281071
92,45,0.272844839051867
76,45,0.135366077877475
77,45,0.0511364538425315
78,45,0.0906715829233853
79,45,0.341557520731818
45,53,0.0280272723749661
126,53,0.00873898588000941
92,53,0.154962548125796
76,53,0.314791086587807
77,53,0.303201004353914
78,53,0.0419984172349841
79,53,0.036769310297748
6,46,0.0350567734614322
7,46,0.073579987779176
21,46,0.115293887711709
47,46,0.187215215966735
48,46,0.0230581585727201
127,46,0.0141076340797713
135,46,0.00393497825810139
144,46,0.0577055265383165
57,46,0.00792997863518152
58,46,0.011054732359225
59,46,0.0925066367829296
60,46,0.0117020822634676
62,46,0.0287933306957066
63,46,0.19736132732867
64,46,0.0289622350217966
65,46,0.100124328073814
66,46,0.0111273551195593
68,46,0.00832677706242609
69,46,0.0108487531926381
71,46,0.00729225962129855
6,47,0.18468863294507
7,47,0.114682295812762
21,47,0.00923116684909228
46,47,0.166471142350733
48,47,0.0186113938530062
135,47,0.00334688682829124
144,47,0.00445764390636266
59,47,0.0248347721149439
62,47,0.0140371082712336
63,47,0.0153209307328933
65,47,0.0374671087900104
66,47,0.00916236017031477
67,47,0.0241136336924766
68,47,0.0416791805636033
69,47,0.0204874531445588
70,47,0.0129272102757588
71,47,0.190157901051242
19,48,0.0478285545416295
20,48,0.401943187419523
21,48,0.0137510523716941
46,48,0.0194055108709606
47,48,0.0176149551678509
144,48,0.0206240895130272
149,48,0.0237087955445987
80,48,0.00615494031022121
82,48,0.02110821306509
83,48,0.0098633574609277
85,48,0.00963270794455809
86,48,0.049026480197434
26,49,0.189384208367164
34,49,0.0186528082998266
37,49,0.180097488515951
38,49,0.0877653891080854
39,49,0.0124676007967542
56,49,0.0382818451923057
124,49,0.0735200442750574
128,49,0.035469569956945
132,49,0.00207782828270455
133,49,0.00605433420615583
142,49,0.00428846063581702
146,49,0.00530892170623524
96,49,0.00580987523407095
100,49,0.016507436798448
108,49,0.0682242842966039
109,49,0.0144166707915191
22,50,0.224720253171866
23,50,0.0343540450559837
24,50,0.0114095247195407
25,50,0.0619991817244376
54,50,0.0136284821585377
28,50,0.300771685899677
35,50,0.067545460172461
43,50,0.0271628966146676
124,50,0.0225558543757603
55,50,0.0466066482561684
131,50,0.0333794015402676
132,50,0.041586482029889
142,50,0.0100841172978757
143,50,0.0430250377603879
146,50,0.00235532232281374
30,51,0.0519144458350679
40,51,0.0844278806118613
52,51,0.160584580131604
124,51,0.0187615424354555
125,51,0.0306242487663195
133,51,0.00897090543386033
139,51,0.0320944009094119
30,52,0.374778417598014
40,52,0.170044295482088
51,52,0.270353733697323
56,52,0.0282331198170929
124,52,0.0510481968057245
125,52,0.0271174359734803
130,52,0.00160939143607532
133,52,0.0750124424425539
139,52,0.012379696619442
94,52,0.0072721637659488
98,52,0.0163013503084279
110,52,0.00922789296998599
121,52,0.00598647480670307
30,56,0.0189326711123117
34,56,0.0362101825070043
35,56,0.0151637531484946
36,56,0.0311044927299213
37,56,0.0927262104266559
38,56,0.153502015212946
39,56,0.0394445349249227
40,56,0.112840840764777
49,56,0.0365297449165318
52,56,0.0525175810862399
124,56,0.206306961034655
132,56,0.00271967052710019
133,56,0.0296902527145304
139,56,0.0164863029547104
142,56,0.0902908007950652
146,56,0.00618744433733823
96,56,0.00838051447454282
98,56,0.01553088847793
100,56,0.0161855029267903
104,56,0.0132770768110351
106,56,0.0114092017534985
108,56,0.0513760649846469
109,56,0.0148615439499845
110,56,0.00848174320838646
119,56,0.00611560821516434
121,56,0.00652138795483054
23,124,0.00415233028060992
54,124,0.00903172455897503
29,124,0.0131641394770422
30,124,0.0363082627312745
32,124,0.113755946906364
33,124,0.0684870210438056
34,124,0.0332281674770157
35,124,0.03421381410077
36,124,0.0457848707380584
37,124,0.0763330449221886
38,124,0.0944089842995341
39,124,0.0437886467007952
40,124,0.0346213038083751
41,124,0.0444723659496046
50,124,0.0120750137710837
51,124,0.0289819202523531
52,124,0.0468393103327864
56,124,0.10176492673798
49,124,0.0346053924872286
125,124,0.0237888382569984
128,124,0.003136384257131
55,124,0.00681441922208652
129,124,0.0303754383735201
130,124,0.0993382989853388
131,124,0.00693536682179411
132,124,0.0238515105226687
133,124,0.123567191613635
134,124,0.0647807872898334
136,124,0.0044771160647872
137,124,0.00441253794339056
138,124,0.00483619808202579
139,124,0.012524400852398
141,124,0.00248440270444273
142,124,0.0267229108393705
143,124,0.00391989520165502
144,124,0.00223309992238129
145,124,0.0140308418704905
146,124,0.108694346605892
147,124,0.00866582364172579
148,124,0.0368571319128293
80,124,0.00271638915736351
93,124,0.11281238564378
94,124,0.24252855538704
95,124,0.197501316999035
96,124,0.281778948852441
97,124,0.256313093037902
98,124,0.514817188388965
99,124,0.17090951997755
100,124,0.235300356677811
101,124,0.15810996620138
102,124,0.224442091542963
103,124,0.308544654284044
104,124,0.606505102574169
105,124,0.31233195667329
106,124,0.189659263269771
107,124,0.179261865063577
108,124,0.131130008795892
109,124,0.159069958723781
110,124,0.468368864638332
111,124,0.78565214896278
112,124,0.1906997086012
113,124,0.50955269620736
114,124,0.284017402631851
115,124,0.30225021703388
116,124,0.198083772084598
117,124,0.208403375264527
118,124,0.290064721225221
119,124,0.433676904570718
120,124,0.145574272711121
121,124,0.405851124728197
122,124,0.2319106169567
123,124,0.539362251562475
29,125,0.361808728629641
30,125,0.0120496719883031
40,125,0.017464462219976
51,125,0.115213947152451
52,125,0.0605981971584622
124,125,0.0579367631327723
130,125,0.0192218851769498
133,125,0.0378933067850839
136,125,0.00266507619004493
137,125,0.024340446733541
138,125,0.042914024348369
139,125,0.0219800740059017
145,125,0.0979379563602366
98,125,0.0195994676179274
110,125,0.0130500070549142
121,125,0.00974224797440652
53,126,0.0134876755669723
135,126,0.0237391880829121
140,126,0.00636789451431205
15,127,0.568197095673775
16,127,0.0116428759565959
18,127,0.164600175240376
21,127,0.0122051631864394
46,127,0.0294502566792926
136,127,0.0644757696951425
137,127,0.00438295668343487
141,127,0.19819911940297
144,127,0.0799937460701298
147,127,0.00897000117059891
59,127,0.0275541558669224
62,127,0.00870128125419705
63,127,0.0597683249211109
64,127,0.0691367310457131
65,127,0.0120543584307419
72,127,0.0131284729512978
73,127,0.01631895618997
74,127,0.0691235293979432
75,127,0.161742386064088
80,127,0.00532346021449165
81,127,0.00512870511206086
90,127,0.00473936571184183
91,127,0.00544818592412589
60,127,0.00885605953906445
23,128,0.00715303770995694
26,128,0.355294837055879
27,128,0.49722855809094
49,128,0.0501583778747471
124,128,0.00942277467094147
55,128,0.0188217243331207
132,128,0.00193912508582244
143,128,0.0612508752791942
54,55,0.320630980391853
43,55,0.0157777881326122
50,55,0.0351157290611591
124,55,0.00959078848379629
128,55,0.00881729422658521
132,55,0.0197312096741119
143,55,0.0764078033922602
41,129,0.23520882655117
124,129,0.0629071717630609
134,129,0.0370505398347454
146,129,0.00772092290847498
148,129,0.0684408721968262
98,129,0.0110568031113549
99,129,0.0083232945952542
119,129,0.00944495477245458
121,129,0.00910490464897806
30,130,0.0109349446237464
31,130,0.668225236708465
32,130,0.376546175057696
33,130,0.0106249627508671
52,130,0.00819623696991709
124,130,0.551365329185253
125,130,0.0438064155433368
132,130,0.00203431355427094
133,130,0.0990370264558121
134,130,0.00957469831961239
138,130,0.00548929149823099
139,130,0.00257972718752581
145,130,0.10727365270208
146,130,0.00440520846205404
148,130,0.0028391836019807
93,130,0.127370530201284
94,130,0.0143833551568701
95,130,0.0163675124584835
96,130,0.00744678452620999
97,130,0.00874284936826368
98,130,0.0808579415796148
100,130,0.00744888372007978
101,130,0.064852268371712
102,130,0.015633823033511
103,130,0.0477146159351345
104,130,0.0207287075173835
105,130,0.0289366997417463
107,130,0.247490667429086
108,130,0.00758047603295599
109,130,0.00736821168708304
110,130,0.0797314316680637
111,130,0.0239652928728032
113,130,0.0179039643729833
114,130,0.0078828410734386
116,130,0.0664036869374118
117,130,0.145993610038513
119,130,0.0497631054573701
121,130,0.159620359627397
122,130,0.103997566507496
123,130,0.00668015365102232
19,131,0.105882389613579
22,131,0.0177213248712465
23,131,0.0456837431067885
24,131,0.0187179299546381
25,131,0.119167599342461
28,131,0.104014826392404
50,131,0.0424236982894686
124,131,0.0164653536597729
132,131,0.00196632179109344
142,131,0.0243374207258945
143,131,0.00393999722833018
147,131,0.0174740282544135
149,131,0.0813224953492189
80,131,0.00419052717568882
25,132,0.00658979234081467
54,132,0.143327472980152
28,132,0.0399209446144248
34,132,0.233084031935843
35,132,0.340946022049485
36,132,0.136435615838064
37,132,0.0408945068593724
38,132,0.0583937051037859
39,132,0.141379117745772
42,132,0.903348377935582
43,132,1.00112755097129
44,132,0.0372518567480594
49,132,0.00503494950680683
50,132,0.114611443559057
56,132,0.00690634046406381
124,132,0.122790094894735
128,132,0.00332279639722794
55,132,0.072173155410566
130,132,0.00188687271815727
131,132,0.00426383521441934
133,132,0.00465134652999028
134,132,0.00277706670904079
139,132,0.00278929883525517
142,132,0.0145298034184445
143,132,0.00629863502488158
146,132,0.159661254516404
148,132,0.0614779050502509
98,132,0.0209781887882919
99,132,0.00498814267215585
100,132,0.00767090707984371
104,132,0.0155619690994458
108,132,0.0316423741504679
109,132,0.0297925993309792
110,132,0.0127606836779674
111,132,0.0121392036260229
112,132,0.0198882797180857
113,132,0.0118107463339156
115,132,0.0112181752871015
118,132,0.0230915315148398
119,132,0.0165640894321922
121,132,0.0172993188330583
123,132,0.0102092914289209
29,133,0.0101061807316669
30,133,0.323589429254165
32,133,0.0157342662608423
34,133,0.0175573742071777
36,133,0.0129602053041339
37,133,0.0395810328898311
38,133,0.0254504642860384
39,133,0.01329298203417
40,133,0.0582801269278301
49,133,0.0126269152552904
51,133,0.0614027399973361
52,133,0.304969387819533
56,133,0.0648919750003435
124,133,0.547515012640663
125,133,0.068940490183162
130,133,0.0790619849364776
132,133,0.00400335501589148
134,133,0.00442476125473023
136,133,0.00271805981211341
137,133,0.0026031508761008
138,133,0.00381935643401011
139,133,0.0116611652557985
142,133,0.00791548992198842
145,133,0.00647195535872642
146,133,0.0103250025354362
147,133,0.00341067144076885
148,133,0.00343140594840613
80,133,0.00183521901607242
93,133,0.0127935209747757
94,133,0.181898783781089
96,133,0.0911942916205065
98,133,0.164567943619493
99,133,0.0073995644707809
100,133,0.0430836329621902
101,133,0.189278922289216
102,133,0.00894108273822869
103,133,0.037453552812669
104,133,0.0516879687945879
105,133,0.0635047082077443
106,133,0.200858847143284
107,133,0.0160171715772016
108,133,0.117350659619857
109,133,0.0286109050038055
110,133,0.109166278385857
111,133,0.0474970427589626
113,133,0.0234688687092418
114,133,0.00691759522771143
116,133,0.016569017336401
117,133,0.0205807603686499
118,133,0.0139769550787594
119,133,0.0460913792895784
121,133,0.0702784827592994
122,133,0.0320328330263151
123,133,0.0117103208084817
32,134,0.0599882353884646
33,134,0.63374857437433
41,134,0.00910427293610135
124,134,0.381475362086881
129,134,0.105350646822738
130,134,0.0101583374813093
132,134,0.00317657517565302
133,134,0.0058805406877119
145,134,0.00309700931276479
146,134,0.024195583861632
148,134,0.0194388276061992
90,134,0.00297038090522622
93,134,0.018105037958786
95,134,0.307254581095644
97,134,0.159891954290765
98,134,0.0648539625040107
99,134,0.0264089580849421
100,134,0.00634986808924833
101,134,0.00575357183598144
102,134,0.102547944563456
103,134,0.0177921186251925
104,134,0.0225401536559434
107,134,0.0178580591702374
108,134,0.00788614038912357
109,134,0.00918941117955073
110,134,0.0446319377805758
111,134,0.026301607856383
113,134,0.0353852777837192
114,134,0.0486830404755219
115,134,0.0127920139081304
116,134,0.0168986961152382
117,134,0.00755245921035741
119,134,0.0733991047754377
120,134,0.0169712353416813
121,134,0.0816709947013332
122,134,0.0079809230495717
123,134,0.0129821853972698
6,135,0.028388998442605
7,135,0.0667957613434304
8,135,0.788097213314691
9,135,0.923269981313761
46,135,0.0124875341858447
47,135,0.0119447637351553
126,135,0.0582851047879521
140,135,0.0308045375166529
144,135,0.0021603744459819
57,135,0.137168969284586
58,135,0.130239803816389
59,135,0.0572022372228683
60,135,0.0363146139806521
61,135,0.0969297539588639
62,135,0.058823537734985
63,135,0.0202138683768433
64,135,0.0207110755899694
65,135,0.0496645928485579
66,135,0.190992939310876
67,135,0.0701600174546774
68,135,0.0502248846748148
69,135,0.0948640014748562
70,135,0.19614028896154
71,135,0.0107869527305471
75,135,0.00769469010771111
87,135,0.0149000871183758
88,135,0.034290421524816
89,135,0.00642125804052451
90,135,0.0070806691323625
15,136,0.0837245526249146
16,136,0.926104874784004
17,136,0.272563821367491
18,136,0.06732624626644
29,136,0.010945254777654
40,136,0.00925658445926668
125,136,0.0028916833357347
127,136,0.0569594555795411
133,136,0.00162101954475884
137,136,0.0152737905571217
139,136,0.0498481133527714
141,136,0.0551872885423018
144,136,0.0234304373082037
147,136,0.110765923546032
149,136,0.00332289540539805
80,136,0.0114916512035293
81,136,0.0580987682014817
84,136,0.0217844790644752
124,136,0.011830972655194
12,137,0.187434500567409
13,137,0.130351543178813
17,137,0.371974941147073
18,137,0.0221805629034934
29,137,0.29779670196578
124,137,0.0125310302087557
125,137,0.0283821881282748
127,137,0.00416114356234794
133,137,0.00166841777706173
136,137,0.0164143261168175
138,137,0.0124790444526802
139,137,0.00915129528418245
140,137,0.00357356986606231
141,137,0.0650614292179884
73,137,0.0120791681643005
75,137,0.00529009944905139
29,138,0.019559748316455
125,138,0.0596848039594386
130,138,0.00334995584186211
133,138,0.00291973110985803
137,138,0.0148843039677051
145,138,0.165466656215169
124,138,0.0163813467533455
16,139,0.028845732090448
17,139,0.150656851947648
29,139,0.0835717749803159
30,139,0.0227722875902292
40,139,0.248851108189681
51,139,0.139113217211295
52,139,0.0318728274645209
56,139,0.0228185488932668
124,139,0.035142889188801
125,139,0.0253237874630444
130,139,0.00130416202578517
132,139,0.00152029582464901
133,139,0.00738464459279028
136,139,0.0529306384464191
137,139,0.00904200512645619
141,139,0.00325057799103182
142,139,0.057099958807111
144,139,0.00304591407037448
146,139,0.0016531339832583
147,139,0.0728731696832206
80,139,0.0045019181278744
81,139,0.0333714385058562
98,139,0.0111784549793282
2,140,0.11191346739373
3,140,0.106907359221247
4,140,0.0816422281162351
5,140,0.175889769942401
11,140,0.100035680012233
13,140,0.0111323717244993
14,140,0.374770820139618
45,140,0.0230737797352439
126,140,0.00790742147966249
135,140,0.0155798043708865
137,140,0.00289403326566509
141,140,0.0028153541595966
72,140,0.010935317377067
73,140,0.0291832702849501
74,140,0.00826972917714667
75,140,0.00473223441624234
76,140,0.00655096456206828
87,140,0.0839157853098052
88,140,0.0129906912186249
89,140,0.0118493615041146
90,140,0.125962124024012
91,140,0.0757587983532298
10,140,0.0171903911696442
13,141,0.0232926834707108
15,141,0.0997897804348613
16,141,0.0234138128769674
18,141,0.979733059952486
30,141,0.0131820934380114
127,141,0.204630904677983
136,141,0.0644969631439699
137,141,0.0707534436040201
139,141,0.00357768741480851
140,141,0.00378055687704377
144,141,0.00621161127834796
147,141,0.00660777142509487
72,141,0.00962551613134591
73,141,0.0787803347675682
74,141,0.0706776681570966
75,141,0.0301375362552019
80,141,0.00266338644209788
90,141,0.00557655905614922
91,141,0.00687739446043505
108,141,0.00957340763516862
124,141,0.00767263078703703
28,142,0.110405567844479
34,142,0.0301244375478439
35,142,0.142529742644183
36,142,0.172771318708926
37,142,0.0293510913962883
38,142,0.0467799014796369
39,142,0.0742191496907824
40,142,0.026105805416089
49,142,0.00521288620403692
50,142,0.0139413566816982
56,142,0.115018194088519
124,142,0.0690116736301196
131,142,0.0264735218223076
132,142,0.00728871701262851
133,142,0.00461342794414797
139,142,0.0525525855687075
146,142,0.00490587189698369
147,142,0.0352392903130672
149,142,0.00533179414858547
80,142,0.00319341359475417
81,142,0.00835530793984284
98,142,0.0143684372950736
100,142,0.00637207042522473
104,142,0.010868676831359
108,142,0.0175329074697724
109,142,0.0072291888250626
110,142,0.0081924198314397
22,143,0.157991095024762
23,143,0.0406474206375331
24,143,0.14287318819308
25,143,0.027868783146513
50,143,0.0481276619640773
128,143,0.042599834315653
55,143,0.113437696918909
131,143,0.00346768341089706
132,143,0.00255649029547418
124,143,0.00819067337667275
15,144,0.0975388831318193
16,144,0.00681924632104929
18,144,0.0103897836339254
20,144,0.113206704885965
21,144,0.818320120903105
46,144,0.131803089697073
47,144,0.0114502702962574
48,144,0.0559735057800018
127,144,0.0875244358519056
135,144,0.00155490142436714
136,144,0.0290191298069107
139,144,0.00355273840912645
141,144,0.00658276045045775
147,144,0.0818690583030853
149,144,0.0145234534924147
59,144,0.00732873921158213
63,144,0.00762835947639447
80,144,0.0780630615771598
81,144,0.0171886311134312
82,144,0.0919807085701424
83,144,0.0668274044500573
84,144,0.0577445043144462
85,144,0.264075878534807
86,144,0.296316560726957
124,144,0.00730860085918491
124,145,0.0395812540783827
125,145,0.113442519411636
130,145,0.0545225493719937
133,145,0.00412048632819791
134,145,0.00148363837880261
138,145,0.13780684432193
121,145,0.00738635389648345
54,146,0.00518681758128703
33,146,0.0111122221891234
34,146,0.300088083936199
35,146,0.0358112535047781
36,146,0.0589335881193432
37,146,0.150316992168082
38,146,0.193463490048728
39,146,0.0987851017833416
41,146,0.0261731658660894
42,146,0.0178445269077122
43,146,0.00990594084462299
49,146,0.0111111582048119
50,146,0.00560652408489797
56,146,0.0135709590118854
124,146,0.483305733827977
129,146,0.0165770253487361
130,146,0.00352905739666046
132,146,0.137900894076615
133,146,0.0103612535814118
134,146,0.0182696751646142
139,146,0.00261964559661711
142,146,0.00844680362908079
148,146,0.149845317373862
94,146,0.00748048095716088
95,146,0.0109268300764506
96,146,0.0137292884995605
97,146,0.0352439018689486
98,146,0.0797495578936354
99,146,0.158016192134902
100,146,0.0408522981965627
102,146,0.0112286404563428
103,146,0.0152503873930221
104,146,0.0841704915973994
106,146,0.0145235245418551
108,146,0.158847652613168
109,146,0.260987618870962
110,146,0.0465506085961174
111,146,0.0604310751938323
112,146,0.444649630218878
113,146,0.0623175363224889
114,146,0.0137980656152026
115,146,0.175062095915845
116,146,0.00738055072622739
118,146,0.233947151243245
119,146,0.0671890470125488
120,146,0.329420227264576
121,146,0.0676608226727182
123,146,0.0947252662658689
16,147,0.020927295830325
18,147,0.00563760643782575
40,147,0.0130319285740733
124,147,0.0187475412843843
127,147,0.00648745216807001
131,147,0.0159230360704457
133,147,0.00166525789490821
136,147,0.0906814691702165
139,147,0.0561851607960166
141,147,0.00462878679057669
142,147,0.029520440154265
144,147,0.0541163103795466
149,147,0.087241797620812
80,147,0.0738261570256135
81,147,0.485125710347442
82,147,0.015517642475391
83,147,0.0210586700620971
84,147,0.228285358362256
85,147,0.0211102573559262
86,147,0.0109170011281957
30,148,0.0108641682831396
41,148,0.431643551863809
42,148,0.0865477153176809
43,148,0.0118931054484463
129,148,0.106256569088942
130,148,0.00164470723561302
132,148,0.0383963085016005
133,148,0.00248998713697849
134,148,0.0106137207098956
146,148,0.108354273329336
97,148,0.0109228845354151
98,148,0.019477815749954
99,148,0.0416359199262599
104,148,0.0134417537327224
108,148,0.0178507984001867
109,148,0.0112886563960593
110,148,0.0128825040472082
111,148,0.0129581181563498
112,148,0.0191712049456415
113,148,0.0124916839953143
115,148,0.0195448796192894
118,148,0.00980102989151747
119,148,0.0172724610401263
120,148,0.0308683669612361
121,148,0.0166619755076299
123,148,0.0125353140552632
124,148,0.118505742666937
19,149,0.119249407100734
20,149,0.0160860622440576
48,149,0.0435736501124967
131,149,0.0759174975314249
136,149,0.00278693852080245
142,149,0.00457580376312207
144,149,0.0098350511907176
147,149,0.0893764185901666
80,149,0.100029374385059
81,149,0.01777619150491
82,149,0.135169917423478
83,149,0.0641979412852698
84,149,0.11064222261694
85,149,0.0168934768603604
86,149,0.0224341515330724
7,57,0.0317739966844357
8,57,0.0835315052425253
46,57,0.00591154787358063
135,57,0.0322218681306972
58,57,0.195458762466153
59,57,0.0584395568300186
60,57,0.0225137887025409
61,57,0.0370792627988334
62,57,0.145059706991457
63,57,0.0171060182197937
64,57,0.0152380283055518
65,57,0.0635159730506373
66,57,0.155211752211841
68,57,0.00418226155266007
69,57,0.0170033343307693
7,58,0.0145788695746871
8,58,0.0286580804841706
46,58,0.00545230365860825
135,58,0.0202414296312664
57,58,0.129317635065621
59,58,0.0993934761348152
60,58,0.0497815483246154
61,58,0.15140839747879
62,58,0.112800246077136
63,58,0.0195075387956956
64,58,0.0230067610770503
65,58,0.0524157854719331
66,58,0.0176049838185225
75,58,0.0079127063274296
6,59,0.038521687117504
7,59,0.108908486080212
8,59,0.0278270465158247
41,59,0.00712283088884174
46,59,0.132956085811259
47,59,0.0401418784954207
127,59,0.0189708828551138
135,59,0.0259068130388615
144,59,0.00461165079756137
57,59,0.112671233633091
58,59,0.28964191235102
60,59,0.25816129036946
61,59,0.197018424611751
62,59,0.41721564942645
63,59,0.478531870049513
64,59,0.352870148927254
65,59,0.665693197771577
66,59,0.0726248423973703
67,59,0.0161087994862382
68,59,0.0179067227489344
69,59,0.0364267751429732
70,59,0.0131873977707158
71,59,0.0119169035025374
75,59,0.00489254046015298
87,59,0.00604924023327887
88,59,0.0197987426000501
89,59,0.0120205950518619
90,59,0.0059029225632521
7,60,0.0113130584447139
46,60,0.00719156898339726
127,60,0.00260715069091991
135,60,0.00703246505594958
57,60,0.0185600822271356
58,60,0.0620293315712068
59,60,0.110386584952188
61,60,0.234334183847571
62,60,0.0456062195984444
63,60,0.039323294135892
64,60,0.157670340917052
65,60,0.0437487335659247
66,60,0.0101562820341768
88,60,0.0138841362818041
89,60,0.0117637447302409
90,60,0.00237441276182096
7,61,0.0113491447555423
135,61,0.0176673749960765
57,61,0.0287707489326007
58,61,0.17756911493859
59,61,0.0792904317483139
60,61,0.220558811357095
62,61,0.0466561262621739
63,61,0.019469011727633
64,61,0.034368740697893
65,61,0.039248227713814
66,61,0.00989352108166159
88,61,0.0325214002997212
89,61,0.00730311081142321
90,61,0.00242171182082137
6,62,0.0170042821440834
7,62,0.0702420040275459
8,62,0.013800200444047
46,62,0.0195618493271214
47,62,0.0107250132525405
127,62,0.00283182435907818
135,62,0.012593162031013
57,62,0.132201263660233
58,62,0.155380404826884
59,62,0.197216508152863
60,62,0.0504175310563256
61,62,0.0547996029701211
63,62,0.0621955302090546
64,62,0.0553459827211471
65,62,0.301470280701285
66,62,0.0857171924661742
68,62,0.00834187547958371
69,62,0.0232413674165361
70,62,0.00705245052120317
6,63,0.016101657578216
7,63,0.0325859386780755
46,63,0.150163087142458
47,63,0.013109570502337
127,63,0.0217839844085121
135,63,0.00484636602367103
144,63,0.00254111370477871
57,63,0.0174590604001021
58,63,0.0300934380890013
59,63,0.25332419341556
60,63,0.0486844781124153
61,63,0.0256091856050257
62,63,0.0696533968827708
64,63,0.21476304085663
65,63,0.155498043187064
66,63,0.0121669745403806
68,63,0.00449932831297004
7,64,0.0129549855874076
46,64,0.0170115782609981
127,64,0.0194529951013701
135,64,0.00383337083829126
57,64,0.0120063808757459
58,64,0.0273990947182942
59,64,0.144208920367421
60,64,0.15069610827873
61,64,0.0349001170580364
62,64,0.0478498557565514
63,64,0.165794816229382
65,64,0.0633092360326958
66,64,0.00672896526223865
89,64,0.00443494888665559
6,65,0.0272534385049008
7,65,0.0920561789233339
46,65,0.0615191824992788
47,65,0.0258894787120753
127,65,0.00354797167633266
135,65,0.00961575672930409
57,65,0.0523509663949008
58,65,0.0652982040430207
59,65,0.284583509644553
60,65,0.0437397123733686
61,65,0.0416909433200551
62,65,0.272644940059196
63,65,0.125572557172029
64,65,0.0662255356816612
66,65,0.0480738299210531
68,65,0.00929307576051361
69,65,0.0213011096340066
71,65,0.00597592521681495
90,65,0.00253049965652233
6,66,0.0336591612304116
7,66,0.154070504081997
8,66,0.0177035418105201
46,66,0.00951710351878931
47,66,0.00881297195546877
135,66,0.051474934678356
57,66,0.17807717311996
58,66,0.0305292877519098
59,66,0.0432178062783188
60,66,0.0141347162122591
61,66,0.0146289938878313
62,66,0.107910269835108
63,66,0.0136771091622224
64,66,0.00979825182529476
65,66,0.0669191824229048
67,66,0.0333328235522929
68,66,0.0175368115285728
69,66,0.205709050921945
70,66,0.0215270916880221
6,67,0.110091080114348
7,67,0.0460822189279096
47,67,0.0106920470232807
135,67,0.00871668501462052
59,67,0.00441899859696511
66,67,0.0153658035275229
68,67,0.235565504493149
69,67,0.173538325108391
70,67,0.0938318271287071
71,67,0.0276080755630632
6,68,0.215698154320839
7,68,0.104993121355327
46,68,0.0107775823215858
47,68,0.0606688505812258
135,68,0.0204846716362664
57,68,0.00726150109733977
59,68,0.0161259456492327
62,68,0.0158924227865913
63,68,0.0076540441884362
65,68,0.0195764053143051
66,68,0.0265388562040414
67,68,0.773321506413195
69,68,0.151590462880208
70,68,0.489563312879638
71,68,0.259644049040133
6,69,0.109625209370675
7,69,0.1681622084605
46,69,0.00508099982522633
47,69,0.0107909457110603
135,69,0.0140002708447473
57,69,0.0106825332027652
59,69,0.0118701100773863
62,69,0.0160218633341744
65,69,0.0162368073321734
66,69,0.112644477904369
67,69,0.206143067886968
68,69,0.0548525495336246
70,69,0.0374533051951275
71,69,0.00803779415127157
6,70,0.0376481794731161
7,70,0.0298072927442861
47,70,0.0103733734737687
135,70,0.0441006992103178
59,70,0.00654691638288831
62,70,0.00740687577836608
66,70,0.0179591398849561
67,70,0.169811529353391
68,70,0.269884206692414
69,70,0.0570602691958944
71,70,0.0362516165199379
6,71,0.0354061765191873
7,71,0.0277503730270654
46,71,0.00611674209729169
47,71,0.179380242145975
135,71,0.00285116578012667
59,71,0.00695482394568508
65,71,0.00815816078492162
67,71,0.0587351612036685
68,71,0.168264310013069
69,71,0.0143954609671543
70,71,0.0426159728582219
127,72,0.00403476462400891
140,72,0.00437107864366735
141,72,0.00286522355694855
73,72,0.058958419809951
74,72,0.165237743851643
75,72,0.0789603449886289
87,72,0.00431391671013781
89,72,0.0325514974267656
90,72,0.0208636149250841
91,72,0.108018076744208
11,73,0.0288647026512682
13,73,0.100606895742037
14,73,0.0138048016018177
127,73,0.00632362761837127
137,73,0.00493020999261515
140,73,0.0147082534862122
141,73,0.0295680190481305
72,73,0.0743388358181953
74,73,0.187466205553663
75,73,0.0415705633069093
89,73,0.00538529507665322
90,73,0.0129362926366142
91,73,0.0501405039881092
127,74,0.0226920404839851
140,74,0.00353095489321318
141,74,0.0224729638794208
72,74,0.176503332984443
73,74,0.158816903024224
75,74,0.219484623080703
89,74,0.00664386165259603
90,74,0.00790367275896976
91,74,0.0210190368197046
13,75,0.0127289594177969
15,75,0.00863579553520029
18,75,0.00756537643246995
127,75,0.11806601261717
135,75,0.0036948152658229
137,75,0.0040674232439075
140,75,0.00449283570895057
141,75,0.0213078334140161
58,75,0.0244472038195047
59,75,0.00518722450689904
72,75,0.187545262090813
73,75,0.0783092472091605
74,75,0.488042344835437
87,75,0.00451602266263215
89,75,0.0153510875555473
90,75,0.0171742883230516
91,75,0.0263812553130751
4,92,0.010372735030239
45,92,0.103350123973832
53,92,0.0966422289976054
76,92,0.367999202889869
77,92,0.139282169999113
78,92,0.185393013223001
79,92,0.177088286985049
4,76,0.0162097907206871
5,76,0.023956186666155
45,76,0.0779023527731991
53,76,0.298268977676541
140,76,0.00323873793653347
92,76,0.559103676293544
77,76,0.647209875658216
78,76,0.200867430049463
79,76,0.127563942271884
45,77,0.0200336533512084
53,77,0.195571295721099
92,77,0.144055489625574
76,77,0.440589308328577
78,77,0.0988712739073585
79,77,0.0528014910821581
45,78,0.0257028867013912
53,78,0.0196014662218975
92,78,0.13874227416406
76,78,0.0989417298049222
77,78,0.0715403873177263
79,78,0.186674959973182
1,79,0.0422768633038949
2,79,0.0148148293754184
4,79,0.0250897705251721
5,79,0.0258909741355214
45,79,0.177999754112364
53,79,0.0315490265857208
92,79,0.243640862518683
76,79,0.115516162700681
77,79,0.070238008585267
78,79,0.343187066548727
15,80,0.012402002787349
16,80,0.0109171971618676
18,80,0.00651182771446673
19,80,0.01043993336588
20,80,0.0377355682953217
21,80,0.00968757222759604
48,80,0.0215720335488992
124,80,0.0114809438784131
127,80,0.00752188718188204
131,80,0.00746023727004214
133,80,0.00175057471305341
136,80,0.0183800184955583
139,80,0.00678113974438601
141,80,0.00364499958826999
142,80,0.00522639197588824
144,80,0.100810344197155
147,80,0.144231923584392
149,80,0.190756938519771
81,80,0.0903050445750833
82,80,0.218043973272035
83,80,0.479377544396124
84,80,0.971737165414313
85,80,0.288704512116721
86,80,0.122916287571649
16,81,0.0122084785466047
127,81,0.00241056123128143
136,81,0.0309106451147557
139,81,0.0167208236081218
142,81,0.00454869592092348
144,81,0.00738377483913814
147,81,0.315270300883518
149,81,0.0112763655867596
80,81,0.0300392888767955
82,81,0.00687980070472396
83,81,0.00976001611383998
84,81,0.116844024073094
85,81,0.00809094757586685
20,82,0.0239832352887439
48,82,0.020910243499229
144,82,0.0335735022813187
147,82,0.00856874570697905
149,82,0.0728573245445927
80,82,0.0616289071751106
81,82,0.00584572796267908
83,82,0.328579554251347
84,82,0.0258842693828294
85,82,0.0591667013284074
86,82,0.185846226012191
20,83,0.0171904162582222
48,83,0.00997329215204761
144,83,0.0248977807437914
147,83,0.0118693954883683
149,83,0.0353199775885561
80,83,0.138300647476548
81,83,0.00846485309757618
82,83,0.33538735428685
84,83,0.0420402227560048
85,83,0.204540208913038
86,83,0.141649518565189
136,84,0.00664414620738834
144,84,0.0142199696206809
147,84,0.085046742700462
149,84,0.0402348304885555
80,84,0.185300805238344
81,84,0.0669818846285852
82,84,0.0174632079217014
83,84,0.0277873399946974
85,84,0.0188173829614623
86,84,0.0112027864980438
20,85,0.0232122711656479
48,85,0.00848716712822677
144,85,0.0857305027672818
147,85,0.010367923430952
149,85,0.0080987678892021
80,85,0.0725772805471671
81,85,0.00611461153166091
82,85,0.0526240292405631
83,85,0.178229376610617
84,85,0.0248072058246177
86,85,0.225084557292329
20,86,0.088181626187632
48,86,0.0398351168494474
144,86,0.0887122472996568
147,86,0.00494450280976737
149,86,0.00991814788303221
80,86,0.028495584794684
82,86,0.152433880691039
83,86,0.113824752631171
84,86,0.0136196424135156
85,86,0.207571019894226
14,87,0.0135183206347242
135,87,0.00658292919860779
140,87,0.0733038411537585
59,87,0.00590106274179341
72,87,0.00942752291978342
75,87,0.004155132658164
88,87,0.254810532018695
89,87,0.11854498510547
90,87,0.210315265845356
91,87,0.0444988913447836
135,88,0.00590862541259512
140,88,0.0044258693230448
59,88,0.00753269299298052
60,88,0.0123539645634705
61,88,0.0307445368081444
87,88,0.09938037526101
89,88,0.150539973502057
90,88,0.0349492746954085
91,88,0.0182143493913084
14,89,0.00911367576566172
135,89,0.00230925954113931
140,89,0.00842558891759835
59,89,0.00954503696944463
60,89,0.0218460068342451
61,89,0.0144093900534874
64,89,0.00861713827759369
72,89,0.0579053992585082
73,89,0.00759779677534504
74,89,0.0110643273128721
75,89,0.0114971494692717
87,89,0.0964951385598839
88,89,0.314188890917582
90,89,0.126170239883614
91,89,0.149776756233662
10,90,0.0102209196012897
11,90,0.0265528843611209
13,90,0.0121821828105032
14,90,0.136167984671625
127,90,0.00469006282280386
134,90,0.00149314888123084
135,90,0.00460928204411406
140,90,0.162125620277863
141,90,0.00534509267981383
59,90,0.00848447730617301
60,90,0.00798158328296293
61,90,0.00864901255262083
65,90,0.00850802343066875
72,90,0.0671806197078589
73,90,0.033036524929362
74,90,0.0238253749224346
75,90,0.0232828498175825
87,90,0.309884178540029
88,90,0.132033311436616
89,90,0.228382744307988
91,90,0.368048062921719
11,91,0.0154561565684136
14,91,0.0211816865044751
127,91,0.00237311561992171
140,91,0.0429193655123327
141,91,0.00290149220956815
72,91,0.153094443278938
73,91,0.0563613986546264
74,91,0.0278889487422395
75,91,0.0157420535120257
87,91,0.0288593361820366
88,91,0.0302877876417734
89,91,0.119332659425107
90,91,0.16199927707643
31,93,0.012898983719176
32,93,0.0849133794788277
124,93,0.0895093587984083
130,93,0.0182078172187957
133,93,0.00229091456130635
134,93,0.00243944387283891
98,93,0.02576316226191
101,93,0.0112919510245541
102,93,0.00967310120802519
103,93,0.0201859184099878
105,93,0.00973067452099901
107,93,0.198062110797179
110,93,0.0211510616094233
111,93,0.0138974612940778
113,93,0.00760771732045456
116,93,0.0816752587570985
117,93,0.123608170382282
119,93,0.0165995080125889
121,93,0.0550846731263173
122,93,0.0309414247460318
30,94,0.0155354067631866
52,94,0.00986631660328578
124,94,0.358611482387554
130,94,0.00383176424984077
133,94,0.0607013361692346
146,94,0.0024875730414744
96,94,0.140359208035809
98,94,0.2152427050675
100,94,0.03391406820394
101,94,0.125695157944335
102,94,0.00741168700668957
103,94,0.0388387290926348
104,94,0.0440922457817632
105,94,0.105023198474456
106,94,0.11439147164925
108,94,0.0214576378029641
109,94,0.0152508079636417
110,94,0.108100350155001
111,94,0.056866388414762
113,94,0.0215434587701144
114,94,0.00768484192559713
116,94,0.0133998471398365
117,94,0.0119281884418902
118,94,0.0104874833469545
119,94,0.0335886204095416
121,94,0.0444546969486354
122,94,0.0216371691566166
123,94,0.0114353230595545
32,95,0.0125486692613831
33,95,0.0288701217166872
124,95,0.182463000760341
130,95,0.0027243616786228
134,95,0.0482039815574426
146,95,0.00227030400367474
97,95,0.0886547634641595
98,95,0.0329541393465565
99,95,0.00858582842010451
102,95,0.217291839704058
103,95,0.0100593384214996
107,95,0.0112047725150922
110,95,0.022582450948002
111,95,0.0137529469651966
113,95,0.0229053340929118
114,95,0.0542270166150831
116,95,0.0123895412046901
119,95,0.0545091952305285
121,95,0.0440563573702426
123,95,0.00779160288626961
30,96,0.011996589732848
37,96,0.0161405743564787
49,96,0.00332148501496158
56,96,0.00502090951737439
124,96,0.34224413678528
130,96,0.00162957189295401
133,96,0.0249978277165442
146,96,0.00375025252202027
94,96,0.115294096372647
98,96,0.140737694370938
99,96,0.00540625209691745
100,96,0.160223157573638
101,96,0.0205905385783745
102,96,0.00856200174494122
103,96,0.0223107519268287
104,96,0.113441814427309
105,96,0.0279012198000074
106,96,0.233020219015351
108,96,0.0669404940007001
109,96,0.0400107796894811
110,96,0.0557632740199483
111,96,0.126016494784428
113,96,0.0221774352134856
114,96,0.00815508990172063
115,96,0.0110717716944477
116,96,0.0143357094797616
117,96,0.00787384045335135
118,96,0.0183054254783206
119,96,0.0318885285504998
121,96,0.0317647360941222
122,96,0.0136289609000378
123,96,0.0181498514291927
33,97,0.0207355960946858
124,97,0.316061984282069
130,97,0.00194236897457366
134,97,0.0334817237985552
146,97,0.00977395787435005
148,97,0.00418910218574453
95,97,0.118331053033185
98,97,0.0569060404630856
99,97,0.110225312537151
102,97,0.083031809288346
103,97,0.0148065930508971
104,97,0.0231782767274815
110,97,0.0367288413260828
111,97,0.0333346385286026
113,97,0.058384534312686
114,97,0.146791618230971
115,97,0.0180442427945874
116,97,0.00915656221222158
119,97,0.0859372822358711
120,97,0.0268483851707628
121,97,0.060388280084347
123,97,0.0188488040410493
30,98,0.0170217099159289
31,98,0.0148007569598237
32,98,0.0176499293213279
33,98,0.0121408810032201
38,98,0.014910625298101
40,98,0.0129480320381887
41,98,0.011603739048004
52,98,0.0154932002910972
56,98,0.00793538519320932
124,98,0.533261840850145
125,98,0.00833586647478193
129,98,0.00553018219219663
130,98,0.0150899366310385
132,98,0.0042209286580595
133,98,0.0384715652191791
134,98,0.0114078476626522
139,98,0.004126565539814
142,98,0.00576312725142034
146,98,0.0185780771451886
148,98,0.00627494412646349
93,98,0.0336337254867895
94,98,0.150783770584595
95,98,0.0369481438646138
96,98,0.120024644716561
97,98,0.0478018127797274
99,98,0.0369686519289211
100,98,0.0629880271650263
101,98,0.07538538216593
102,98,0.0529536932347433
103,98,0.153256979480494
104,98,0.140119475740645
105,98,0.181223174461054
106,98,0.0675718208839092
107,98,0.0312660987258134
108,98,0.0326449532386976
109,98,0.0410534511546344
110,98,0.28760266423123
111,98,0.136132497806114
112,98,0.0412317994155436
113,98,0.134332564167656
114,98,0.0766132952679095
115,98,0.0676201593569985
116,98,0.0585126658439526
117,98,0.0533863687881075
118,98,0.0625626052024686
119,98,0.124366441966296
120,98,0.0297951591529197
121,98,0.119581541433516
122,98,0.0871898789911329
123,98,0.105644968546185
41,99,0.00836608864398503
124,99,0.246098232379106
129,99,0.00578708552141848
132,99,0.0013951909804024
133,99,0.00240467031883329
134,99,0.00645763114876266
146,99,0.0511715816417728
148,99,0.0186462947602475
95,99,0.0133819569452231
96,99,0.00640930680584018
97,99,0.128712909660568
98,99,0.0513911557816275
100,99,0.00718245568836306
102,99,0.0175815150335052
103,99,0.0123724483259086
104,99,0.0371140612252656
108,99,0.00694469417212743
109,99,0.0131793673195372
110,99,0.0357999610106222
111,99,0.0466058710641951
112,99,0.0368238986084599
113,99,0.122909247882467
114,99,0.0505516574332758
115,99,0.126236497765785
116,99,0.00746562912076603
118,99,0.0158074976265914
119,99,0.0774132105537309
120,99,0.230212169865294
121,99,0.0378764033397487
123,99,0.0798753878238021
37,100,0.0765603769553784
38,100,0.0287472859599904
49,100,0.00979969884374576
56,100,0.010069444396605
124,100,0.296768398105907
130,100,0.00169263582069991
132,100,0.00187929233422623
133,100,0.0122635026378344
134,100,0.00136000184723573
142,100,0.00311198028439819
146,100,0.011587682015982
94,100,0.0289276826887677
96,100,0.166376843756639
98,100,0.0766947443200826
99,100,0.00629108832141293
101,100,0.0112579732381212
102,100,0.00666659677850385
103,100,0.017913153445772
104,100,0.247529997911159
105,100,0.015205952021153
106,100,0.112999010017918
108,100,0.259325639772575
109,100,0.237965432920378
110,100,0.041540745911092
111,100,0.133988868594376
112,100,0.0203733597112098
113,100,0.0224474622171437
114,100,0.00789521602017869
115,100,0.0185932562670394
116,100,0.011517487660669
117,100,0.00635345995764928
118,100,0.0662236902981327
119,100,0.0286772439278652
121,100,0.0298299438562144
122,100,0.010382021266195
123,100,0.0275226913717935
124,101,0.195456068954447
130,101,0.0144441620109205
133,101,0.0528079505497266
134,101,0.00120783380838418
93,101,0.0175932971197949
94,101,0.105086554003255
96,101,0.0209570499514702
98,101,0.0899683148033962
100,101,0.0110345609802672
102,101,0.00709796480534821
103,101,0.0561870533757023
104,101,0.0240428305663396
105,101,0.213989731521561
106,101,0.0116487650449106
107,101,0.0122049397900486
108,101,0.00715254593432138
109,101,0.007034556818234
110,101,0.0977760738618482
111,101,0.030203494736176
113,101,0.0138065981000842
116,101,0.0220353041855088
117,101,0.0261925713040055
119,101,0.0251117735012636
121,101,0.0355660337850706
122,101,0.0766032186723848
123,101,0.0075738963350356
33,102,0.0198693570933412
130,102,0.00301697830336377
133,102,0.00216135939301179
134,102,0.0186524728873502
146,102,0.00270484207927406
93,102,0.0130582145121848
94,102,0.00536890215532939
95,102,0.251923295923493
96,102,0.00755053229824697
97,102,0.0721228301132609
98,102,0.0547568574622233
99,102,0.0130780738675431
100,102,0.00566159567398016
101,102,0.00614997934436599
103,102,0.0219879924052832
104,102,0.022169630582147
105,102,0.00839731678780089
107,102,0.00879857298403744
110,102,0.0395307098186198
111,102,0.033262381364162
113,102,0.0402692444585789
114,102,0.137745532163964
115,102,0.00966263711515432
116,102,0.0315534495745197
117,102,0.00981448872835317
119,102,0.0875075059667917
121,102,0.0867583601739497
122,102,0.0132606106054422
123,102,0.0144030071000601
124,102,0.240399763893113
32,103,0.0120751345722744
124,103,0.321228409027355
130,103,0.00895003262569787
133,103,0.00880027179756993
134,103,0.00314559867813439
146,103,0.00357076940383794
93,103,0.0264869999767424
94,103,0.0273463658282033
95,103,0.0113360178879127
96,103,0.0191241726454835
97,103,0.0125011391616342
98,103,0.15403829860269
99,103,0.00894559699489938
100,103,0.0147867557602776
101,103,0.047319730572304
102,103,0.02137232496638
104,103,0.0502264611146135
105,103,0.100654324199722
106,103,0.00910340507365761
107,103,0.0198438985422525
109,103,0.010565737513553
110,103,0.216840257248516
111,103,0.0605996752441937
113,103,0.0436034909385312
114,103,0.0259131384737526
115,103,0.0138717404039526
116,103,0.0503132355702907
117,103,0.0382567287333162
118,103,0.0116697087424294
119,103,0.063411065103567
121,103,0.132806415436156
122,103,0.0826878198349642
123,103,0.023741472324045
37,104,0.0164436837340651
38,104,0.0157847825601337
56,104,0.00445458959932116
124,104,0.412529915162882
130,104,0.00254021500960478
132,104,0.00205607091848774
133,104,0.0079344640875038
134,104,0.00260350003972574
142,104,0.00286258813617116
146,104,0.0128755521096061
148,104,0.00284353817805736
94,104,0.0202825192534666
96,104,0.0635282190773115
97,104,0.012784997907357
98,104,0.0920093628105045
99,104,0.0175314254150039
100,104,0.133491545058062
101,104,0.0132286848512329
102,104,0.0140782837851934
103,104,0.0328138846904532
105,104,0.0281849129347304
106,104,0.0323709897520522
108,104,0.0443580113670393
109,104,0.103141061332961
110,104,0.0633618195513394
111,104,0.273372938800317
112,104,0.0393969316154657
113,104,0.062305796017982
114,104,0.0212230336592578
115,104,0.0568594952969403
116,104,0.0186002640060111
117,104,0.011211261053673
118,104,0.0874846792651404
119,104,0.0504596708718386
120,104,0.0220280450147654
121,104,0.049701398252609
122,104,0.019276998750504
123,104,0.111076174087496
124,105,0.308291345437534
130,105,0.00514601650406529
133,105,0.0141467924013359
93,105,0.0121053177775119
94,105,0.0701082038061002
96,105,0.0226746519551936
98,105,0.172691585025269
100,105,0.0119004520833465
101,105,0.170862962042551
102,105,0.00773848096642015
103,105,0.0954292318702689
104,105,0.0409016304240726
106,105,0.010136521767872
108,105,0.00637004518253237
109,105,0.00836917629363017
110,105,0.170837840313981
111,105,0.0582151888176535
113,105,0.0236567135813518
114,105,0.00704134469511235
116,105,0.0195680307438882
117,105,0.0185906688254952
119,105,0.0349581388515475
121,105,0.0430320555972326
122,105,0.0582812021671287
123,105,0.0097738783264529
30,106,0.00930708878979063
37,106,0.0156353920605012
56,106,0.00526263143361662
124,106,0.17735258061934
133,106,0.0423898190895514
146,106,0.00305436183573439
94,106,0.0723428791300115
96,106,0.179402952912393
98,106,0.0610016533515215
100,106,0.0837805148069181
101,106,0.00881157261494795
103,106,0.00817657454581786
104,106,0.0445039380859813
105,106,0.00960301261037366
108,106,0.129736179331768
109,106,0.0267758032251357
110,106,0.0276227687253376
111,106,0.0334550671360036
113,106,0.00906351507930698
119,106,0.0163751903367431
121,106,0.026131076342567
31,107,0.0200926477164087
32,107,0.152887131669991
124,107,0.173152235297969
130,107,0.0430701400933386
133,107,0.00349166977964624
134,107,0.00292923474789234
93,107,0.24111816634391
95,107,0.0117148954911183
98,107,0.0291558976909444
101,107,0.00953643205885112
102,107,0.0079345573422585
103,107,0.0184107410414879
110,107,0.0268461638714279
113,107,0.00666849295990462
116,107,0.0537482757497885
117,107,0.106822180844368
119,107,0.0202712341803806
121,107,0.0665340907224072
122,107,0.025225173878048
18,108,0.005816933879188
34,108,0.052702551346329
36,108,0.0179557753486364
37,108,0.2148035122496
38,108,0.0922610550271109
39,108,0.029105548898346
49,108,0.0367735840942174
56,108,0.0290204426299961
124,108,0.150162345239
130,108,0.00156398540809827
132,108,0.00703850732413529
133,108,0.0303285489095426
134,108,0.00153356851655078
141,108,0.00354979437514354
142,108,0.00777452914255575
146,108,0.0409095556390322
148,108,0.00635768107191998
94,108,0.0166180304807814
96,108,0.0631132279891636
98,108,0.0360900541654249
99,108,0.00552293379685092
100,108,0.235455773029645
101,108,0.00662566835442744
104,108,0.0746809839851713
105,108,0.00739020615953423
106,108,0.158875380323324
109,108,0.253091120308201
110,108,0.0188821572323146
111,108,0.0366102966499103
112,108,0.0205209927525954
113,108,0.0112237311085719
115,108,0.011456081125164
118,108,0.0544395726464638
119,108,0.014710517058098
121,108,0.0150686171940587
123,108,0.0126842711692654
34,109,0.0387661953898517
36,109,0.0122768490244614
37,109,0.109119375931123
38,109,0.0521247487389227
39,109,0.018266990017544
49,109,0.00683408722324435
56,109,0.00738287795608421
124,109,0.160201170557076
130,109,0.00133695526821304
132,109,0.00582825393957571
133,109,0.00650303747195652
134,109,0.00157161052626367
142,109,0.00281921558865341
146,109,0.0591129224146822
148,109,0.00353591577424591
94,109,0.010387452670893
96,109,0.0331762319913813
98,109,0.0399153295694755
99,109,0.00921785429474414
100,109,0.190018692453958
101,109,0.00573091997835946
103,109,0.0102207181822723
104,109,0.15271726024972
105,109,0.00853916335516239
106,109,0.0288374312037246
108,109,0.222584784161232
110,109,0.0247143074097149
111,109,0.0761590513204056
112,109,0.0686071833753265
113,109,0.0253473174303417
115,109,0.0232232698847175
116,109,0.00732737672964073
118,109,0.283238322973931
119,109,0.0215344968811964
120,109,0.0143155007651696
121,109,0.0190975375012315
123,109,0.0419371567113923
31,110,0.0124442118572819
32,110,0.0153468287879351
33,110,0.00935267421764222
41,110,0.00683791765328807
52,110,0.00778514044478018
56,110,0.00384683163848354
124,110,0.43064740464906
125,110,0.00492678453026766
130,110,0.0132081090271009
132,110,0.00227908390170996
133,110,0.0226531951586279
134,110,0.00696882065427959
142,110,0.00291680382056834
146,110,0.0096259630225155
148,110,0.00368397136085226
93,110,0.0245106215640874
94,110,0.0672201700188419
95,110,0.0224750194221584
96,110,0.042213815688825
97,110,0.0273866917873402
98,110,0.255293203379168
99,110,0.0228598897119657
100,110,0.0302839862717998
101,110,0.072723788895348
102,110,0.0339342847784235
103,110,0.191503982783629
104,110,0.0856525838925848
105,110,0.159137663922869
106,110,0.0271604881638403
107,110,0.025554998634033
108,110,0.015160952065912
109,110,0.0225634105059166
111,110,0.0869253688220569
112,110,0.0187704866904521
113,110,0.0796344854701285
114,110,0.0446859326784722
115,110,0.0368022031033624
116,110,0.0418692049123303
117,110,0.0374285539917549
118,110,0.0295556348868718
119,110,0.0932571221845234
120,110,0.0172440847844737
121,110,0.109623051973696
122,110,0.0718828778601595
123,110,0.0548735091505076
124,111,0.45670354679263
130,111,0.00250994432428675
132,111,0.0013707139456585
133,111,0.00623128760675328
134,111,0.00259636716290458
146,111,0.00790040602665731
148,111,0.00234276192924175
93,111,0.0101818780723387
94,111,0.0223562222023504
95,111,0.00865356445721677
96,111,0.0603120381441651
97,111,0.0157144201632168
98,111,0.0763973730872589
99,111,0.0188149241142721
100,111,0.0617557975183365
101,111,0.0142027147289778
102,111,0.0180520983355173
103,111,0.0338359565086805
104,111,0.233635382643796
105,111,0.0342843153312749
106,111,0.0207970882357079
108,111,0.0185843928549889
109,111,0.0439590289708615
110,111,0.0549562140737284
112,111,0.0225034935940588
113,111,0.0687747038012698
114,111,0.0242425206638402
115,111,0.0453851137226945
116,111,0.0252044743820734
117,111,0.0128305280856808
118,111,0.041034662113902
119,111,0.051049980545117
120,111,0.0178807334843224
121,111,0.0701760525819984
122,111,0.022755862643907
123,111,0.0968221241014385
124,112,0.126598407986111
132,112,0.00256464930705548
146,112,0.0663867119410187
148,112,0.00395830965368169
98,112,0.0264254890986538
99,112,0.0169771873403199
100,112,0.0107237282765977
104,112,0.0384520612139746
108,112,0.0118964567420422
109,112,0.0452241370152474
110,112,0.0135525160780322
111,112,0.0256994648193778
113,112,0.0233632059686799
115,112,0.120636560346775
118,112,0.137939008239761
119,112,0.0193031263162041
120,112,0.0878211406534164
121,112,0.0178228508503746
123,112,0.05451830372481
33,113,0.00897369465455397
124,113,0.607677958793762
130,113,0.00384689959249979
132,113,0.00273598855026279
133,113,0.00631660442489849
134,113,0.00716616357966519
146,113,0.0167139717774002
148,113,0.0046332689455636
93,113,0.0114347608160753
94,113,0.0173755475397344
95,113,0.029567608154168
96,113,0.0217755045975397
97,113,0.0564651816991887
98,113,0.154660074816776
99,113,0.101795059716958
100,113,0.0212254331934315
101,113,0.0133192922817208
102,113,0.0448361312750357
103,113,0.0499470359591571
104,113,0.109242552924284
105,113,0.0285820833233426
106,113,0.011558928810631
107,113,0.00823326104601856
108,113,0.0116886049798483
109,113,0.0300150359102118
110,113,0.103288445569992
111,113,0.141094156431036
112,113,0.0419699646224715
114,113,0.0922923527876061
115,113,0.108356959012933
116,113,0.0252363787800253
117,113,0.0129912187071778
118,113,0.042865204661734
119,113,0.247162660201671
120,113,0.0479487420800343
121,113,0.0826270096894759
122,113,0.0210641798094679
123,113,0.176433972415852
33,114,0.00928499929566218
124,114,0.321340418235925
130,114,0.00160686887896549
133,114,0.00176637412382104
134,114,0.00935357913815623
146,114,0.00351094169777716
94,114,0.00588022617012267
95,114,0.0664096662898842
96,114,0.0075966424191523
97,114,0.134685297670576
98,114,0.0836829682914402
99,114,0.0397203953523521
100,114,0.0070825451764693
102,114,0.145501742630444
103,114,0.0281607682548398
104,114,0.0353026150867058
105,114,0.00807106968286944
110,114,0.0549866691660386
111,114,0.04718392837972
113,114,0.0875591910122687
115,114,0.0188311621051019
116,114,0.0196850135363788
119,114,0.17867493190791
120,114,0.0150249093164296
121,114,0.0771640669000891
122,114,0.00963167807350021
123,114,0.0299289216749062
124,115,0.231243011092525
132,115,0.00166715803311242
134,115,0.00166196029933177
146,115,0.0301216755882837
148,115,0.00465068724987023
96,115,0.00697415578693041
97,115,0.0111953889313091
98,115,0.0499448502401666
99,115,0.0670725305117564
100,115,0.0112787866760075
102,115,0.00690188842950987
103,115,0.0101938215554769
104,115,0.0639563994602886
108,115,0.00765383547843621
109,115,0.0176420011903932
110,115,0.0306225953178908
111,115,0.0597325892709063
112,115,0.139028144116247
113,115,0.0695143429852029
114,115,0.0127338201955547
116,115,0.00591294842043577
118,115,0.0402337997492254
119,115,0.0416876691269214
120,115,0.200926329672253
121,115,0.0308770078908468
123,115,0.155442477581079
31,116,0.0111212391681357
32,116,0.0506897360386918
124,116,0.260785439852832
130,116,0.0157508465938155
133,116,0.00492309639519352
134,116,0.00377804708961115
146,116,0.00218528568453574
93,116,0.135523091153486
94,116,0.0119308936785098
95,116,0.0176556963093827
96,116,0.0155391107450945
97,116,0.00977609520269484
98,116,0.0743698419543699
99,116,0.006825879446108
100,116,0.0120225649312167
101,116,0.0234673244963652
102,116,0.0387839071408253
103,116,0.0636239706846452
104,116,0.0360024920038767
105,116,0.0260997683945163
107,116,0.0732586290960877
109,116,0.00957867519320795
110,116,0.0599508492125987
111,116,0.0570831599080839
113,116,0.0278597425948128
114,116,0.0229060264159103
115,116,0.0101750496894428
117,116,0.136475780919077
119,116,0.0472719986361352
121,116,0.165766170265457
122,116,0.101419114445327
123,116,0.0151707091491485
32,117,0.0325232234201543
124,117,0.23605940706103
130,117,0.0297939220242721
133,117,0.0052612037856208
134,117,0.00145272924591089
93,117,0.176462358272768
94,117,0.00913754952362057
96,117,0.00734303675417301
98,117,0.058379379752985
100,117,0.00570600034593294
101,117,0.0239996431504816
102,117,0.0103789761610432
103,117,0.0416225299659643
104,117,0.0186702459962928
105,117,0.0213337237311698
107,117,0.125267327393825
110,117,0.0461090097576197
111,117,0.0250009788964519
113,117,0.0123390600367249
116,117,0.117418819262646
119,117,0.0298106385005598
121,117,0.107028154148737
122,117,0.123288207861503
34,118,0.0205393892371663
37,118,0.0206619559054766
38,118,0.0185571098768661
124,118,0.212985510095634
132,118,0.00329352100831833
133,118,0.00231619361853456
146,118,0.0386329539820879
148,118,0.00223825210340197
94,118,0.00520792978030188
96,118,0.011066429017278
98,118,0.0443488643133929
99,118,0.0080607607704039
100,118,0.0385543564230061
103,118,0.00823036779940876
104,118,0.0944422145876421
108,118,0.0349068694743377
109,118,0.206504559245154
110,118,0.0236026965403932
111,118,0.0518324726253994
112,118,0.152568203054753
113,118,0.0263922045314535
115,118,0.0386139475624538
119,118,0.0263514238151483
120,118,0.0196997297696044
121,118,0.0269618988917863
123,118,0.0550224662645098
31,119,0.0125682405468894
32,119,0.0183387070509407
33,119,0.0164044010879629
41,119,0.0090783717328692
56,119,0.00357748436038505
124,119,0.514304282299692
129,119,0.0054084911415126
130,119,0.0106325782179584
132,119,0.00381569774952157
133,119,0.0123361799273655
134,119,0.0147816983990639
146,119,0.01791997237852
148,119,0.00637074480014995
93,119,0.0248106075731511
94,119,0.0269392004090161
95,119,0.0699711157600172
96,119,0.0311358591413207
97,119,0.082648312404664
98,119,0.142386753025687
99,119,0.063756825538647
100,119,0.026964737043329
101,119,0.0240902505809695
102,119,0.0968878731809226
103,119,0.0722308912591903
104,119,0.0879786454114173
105,119,0.0420007685957406
106,119,0.0207671428242814
107,119,0.0248882204507287
108,119,0.0152343115113922
109,119,0.0253577700325273
110,119,0.120282387079075
111,119,0.104146659680403
112,119,0.0344828603807743
113,119,0.245783274851414
114,119,0.187282443964552
115,119,0.0646188857075945
116,119,0.0425817364665914
117,119,0.0312110630215261
118,119,0.0425601142370953
120,119,0.0355613773772637
121,119,0.134968830290289
122,119,0.0369850980981007
123,119,0.10308978112907
124,120,0.112051212023097
134,120,0.00221832469138276
146,120,0.0570252503558246
148,120,0.00738971560208781
97,120,0.0167590203474769
98,120,0.0221406399711483
99,120,0.123060299529833
104,120,0.0249279690204086
109,120,0.0109410992410082
110,120,0.0144357137550276
111,120,0.0236762642150407
112,120,0.101824617687082
113,120,0.0309474426801207
114,120,0.010221706007316
115,120,0.202146760556808
118,120,0.0206508081177304
119,120,0.0230811082251859
121,120,0.0151824285021709
123,120,0.0561453737392957
31,121,0.036815849365148
32,121,0.0601819541249182
33,121,0.0187594883728685
41,121,0.00670841163712731
52,121,0.00675739913193791
56,121,0.00395733308590856
124,121,0.499281047200257
125,121,0.00492103565683678
129,121,0.0054084911415126
130,121,0.0353788634654489
132,121,0.00413389920119229
133,121,0.0195122722980231
134,121,0.0170618413562301
145,121,0.00322108821151338
146,121,0.0187197743437536
148,121,0.00637509937622661
93,121,0.0854077814040196
94,121,0.0369857704033802
95,121,0.0586654080803609
96,121,0.0321733368616905
97,121,0.060246180192217
98,121,0.142021797421767
99,121,0.0323597247815491
100,121,0.0290961612970627
101,121,0.0353935275343346
102,121,0.0996460142010487
103,121,0.156928369038073
104,121,0.0898930146260317
105,121,0.0536321871193837
106,121,0.0343773323176281
107,121,0.0847388099912403
108,121,0.0161879843026351
109,121,0.0233280362470289
110,121,0.14667172456585
111,121,0.148512558646939
112,121,0.0330276204014022
113,121,0.0852346107199076
114,121,0.0839021388978237
115,121,0.049649118358738
116,121,0.154895852056919
117,121,0.116241123427498
118,121,0.045172450998064
119,121,0.140009648308174
120,121,0.0242654104456623
122,121,0.084925206809545
123,121,0.0840118122972482
32,122,0.0124410477411312
124,122,0.238005567059932
130,122,0.0192294528482793
133,122,0.00741940329647906
134,122,0.00139091098012745
93,122,0.0400216628562637
94,122,0.0150177756937432
96,122,0.0115160026961049
98,122,0.0863863431352922
100,122,0.00844798883901745
101,122,0.0635950902736925
102,122,0.012705749154325
103,122,0.0815102275036217
104,122,0.0290860612930118
105,122,0.0605968535768335
107,122,0.0268015839332541
110,122,0.0802339406911818
111,122,0.0401749834289805
113,122,0.018127030158614
114,122,0.00873671239850495
116,122,0.0790590981250352
117,122,0.111704703574468
119,122,0.0320065904851555
121,122,0.0708475392998605
123,122,0.00886867740290099
124,123,0.659062183225196
130,123,0.00147065079503435
132,123,0.00242322643964627
133,123,0.00322939956090358
134,123,0.00269384981279385
146,123,0.0260313497897074
148,123,0.00476390622786333
94,123,0.00945002531043868
95,123,0.0103054708071933
96,123,0.0182596078785087
97,123,0.0186779054685633
98,123,0.124625580301579
99,123,0.0677823441863517
100,123,0.0266650055076477
101,123,0.00748643894406246
102,123,0.0164312002952536
103,123,0.0278649053600898
104,123,0.199547259854534
105,123,0.0120995121959361
108,123,0.0135348176911005
109,123,0.0508823674994791
110,123,0.0729247185367374
111,123,0.203524346507725
112,123,0.100348287273226
113,123,0.180777208796851
114,123,0.0323233608851203
115,123,0.248263892242772
116,123,0.0140804742961456
118,123,0.0915652636946827
119,123,0.106220322609717
120,123,0.0891308179788195
121,123,0.0834464511078839
122,123,0.010559375111741
31,124,0.112411335680896
